Workbook

Sheet Sheet

Sheet history
A1: МОДЕЛЬНЫЙ пример, построен для демонстрации подхода к разбору legacy Excel/VBA логики прогноза/автозаказа. НЕ привязан к реальным данным ВкусВилла или иного ритейлера.
A3: week | B3: date | C3: sku_name | D3: sales_qty
A4: W1 | B4: 2025-06-02 | C4: Молоко 3.2% 1л | D4: 270
A5: W2 | B5: 2025-06-09 | C5: Молоко 3.2% 1л | D5: 271
A6: W3 | B6: 2025-06-16 | C6: Молоко 3.2% 1л | D6: 272
A7: W4 | B7: 2025-06-23 | C7: Молоко 3.2% 1л | D7: 274
A8: W5 | B8: 2025-06-30 | C8: Молоко 3.2% 1л | D8: 275
A9: W6 | B9: 2025-07-07 | C9: Молоко 3.2% 1л | D9: 276
A10: W7 | B10: 2025-07-14 | C10: Молоко 3.2% 1л | D10: 278
A11: W8 | B11: 2025-07-21 | C11: Молоко 3.2% 1л | D11: 279
A12: W9 | B12: 2025-07-28 | C12: Молоко 3.2% 1л | D12: 280
A13: W10 | B13: 2025-08-04 | C13: Молоко 3.2% 1л | D13: 282
A14: W11 | B14: 2025-08-11 | C14: Молоко 3.2% 1л | D14: 283
A15: W12 | B15: 2025-08-18 | C15: Молоко 3.2% 1л | D15: 284
... A41: W12 | B41: 2025-08-18 | C41: Напиток газир. 1л | D41: 146

Sheet forecast
A1: МОДЕЛЬНЫЙ пример, построен для демонстрации подхода к разбору legacy Excel/VBA логики прогноза/автозаказа. НЕ привязан к реальным данным ВкусВилла или иного ритейлера.
A3: sku_name | B3: week | C3: forecast_sma4w | D3: weekday_factor | E3: safety_buffer | F3: shelf_correction | G3: final_forecast | H3: notes | J3: PARAM_LEGEND:
A4: Молоко 3.2% 1л | B4: W13 | C4: =AVERAGE('history'!D12:D15) | D4: 1.4 | E4: =STDEV.P('history'!D12:D15)*1.65*SQRT(2) | F4: =IF(7<4.0,0.5,1.0) | G4: =(C4*D4+E4)*F4 | H4: baseline | J4: SMA_WINDOW: | K4: 4
A5: Крупа гречневая 800г | B5: W13 | C5: =AVERAGE('history'!D25:D28) | D5: 1.1 | E5: =STDEV.P('history'!D25:D28)*1.65*SQRT(5) | F5: =IF(365<10.0,0.5,1.0) | G5: =(C5*D5+E5)*F5 | H5: baseline | J5: SERVICE_LEVEL_Z: | K5: 1.65
A6: Напиток газир. 1л | B6: W13 | C6: =AVERAGE('history'!D38:D41) | D6: 1.5 | E6: =STDEV.P('history'!D38:D41)*1.65*SQRT(3) | F6: =IF(90<6.0,0.5,1.0) | G6: =(C6*D6+E6)*F6 | H6: baseline | J6: LEAD_TIME_DEFAULT: | K6: 3
J7: NOTE: H22 содержит INCIDENT_2024_CORRECTION (cell-content proxy defined-name 'post_incident_2024_correction' — молочка получает -8% legacy-норматив после инцидента 2024).
H22: 0.92

Sheet order
A1: МОДЕЛЬНЫЙ пример, построен для демонстрации подхода к разбору legacy Excel/VBA логики прогноза/автозаказа. НЕ привязан к реальным данным ВкусВилла или иного ритейлера.
A3: sku_name | B3: final_forecast | C3: current_stock | D3: lead_time_demand | E3: order_qty | F3: notes
A4: Молоко 3.2% 1л | B4: ='forecast'!G4 | C4: 10 | D4: =B4*2 | E4: =MAX(0,D4-C4+B4*0.1)*0.92 | F4: INCIDENT_2024_CORRECTION (-8%) применён
A5: Крупа гречневая 800г | B5: ='forecast'!G5 | C5: 15 | D5: =B5*5 | E5: =MAX(0,D5-C5+B5*0.1)*1.0
A6: Напиток газир. 1л | B6: ='forecast'!G6 | C6: 20 | D6: =B6*3 | E6: =MAX(0,D6-C6+B6*0.1)*1.0
A8: TOTAL: | E8: =SUM(E4:E6) | F8: total=1936.99
